{
  "project_info": {
    "project_number": "998166487724",
    "firebase_url": "https://android-demo-app-1335.firebaseio.com",
    "project_id": "android-demo-app-1335",
    "storage_bucket": "android-demo-app-1335.appspot.com"
  },
  "client": [
    {
      "client_info": {
        "mobilesdk_app_id": "1:998166487724:android:97309bf2bf5a5b61",
        "android_client_info": {
          "package_name": "com.hyphenate.chatuidemo"
        }
      },
      "oauth_client": [
        {
          "client_id": "998166487724-c1l3ef1ormsnt7g9ks7cgfoe5i8khj37.apps.googleusercontent.com",
          "client_type": 3
        }
      ],
      "api_key": [
        {
          "current_key": "AIzaSyANigTFmcD3a3HsOzRjCHifTTXoGDREu8M"
        }
      ],
      "services": {
        "analytics_service": {
          "status": 1
        },
        "appinvite_service": {
          "status": 1,
          "other_platform_oauth_client": []
        },
        "ads_service": {
          "status": 2
        }
      }
    }
  ],
  "configuration_version": "1"
}